It,1
John Wick: Chapter 2,1
Jumanji: Welcome to the Jungle,1
The Shawshank Redemption,1
Your Name.,1
Ex Machina,3
Murder on the Orient Express,4
The Killing of a Sacred Deer,5
The Legend of Tarzan,2
The Twilight Saga: Breaking Dawn - Part 1,3
Captain America: Civil War,4
It,5
John Wick: Chapter 2,1
Jumanji: Welcome to the Jungle,3
The Shawshank Redemption,1
Your Name.,2
Ex Machina,3
Murder on the Orient Express,3
The Killing of a Sacred Deer,3
The Legend of Tarzan,4
The Twilight Saga: Breaking Dawn - Part 1,1
Captain America: Civil War,5
It,3
John Wick: Chapter 2,2
Jumanji: Welcome to the Jungle,1
The Shawshank Redemption,2
Your Name.,3
Ex Machina,4
Murder on the Orient Express,5
The Killing of a Sacred Deer,1
The Legend of Tarzan,2
The Twilight Saga: Breaking Dawn - Part 1,3
Captain America: Civil War,3
